"filename", "language", "YAML", "Dart", "Markdown", "ApexLog", "C++", "XML", "JSON", "Swift", "HTML", "Gradle", "Properties", "Kotlin", "comment", "blank", "total"
"c:\Users\Admin\Documents\GitLab\voce\README.md", "Markdown", 0, 0, 10, 0, 0, 0, 0, 0, 0, 0, 0, 0, 0, 7, 17
"c:\Users\Admin\Documents\GitLab\voce\android\app\build.gradle", "Gradle", 0, 0, 0, 0, 0, 0, 0, 0, 0, 46, 0, 0, 3, 11, 60
"c:\Users\Admin\Documents\GitLab\voce\android\app\src\debug\AndroidManifest.xml", "XML", 0, 0, 0, 0, 0, 4, 0, 0, 0, 0, 0, 0, 3, 1, 8
"c:\Users\Admin\Documents\GitLab\voce\android\app\src\main\AndroidManifest.xml", "XML", 0, 0, 0, 0, 0, 43, 0, 0, 0, 0, 0, 0, 11, 3, 57
"c:\Users\Admin\Documents\GitLab\voce\android\app\src\main\kotlin\com\example\voce\MainActivity.kt", "Kotlin", 0, 0, 0, 0, 0, 0, 0, 0, 0, 0, 0, 4, 0, 3, 7
"c:\Users\Admin\Documents\GitLab\voce\android\app\src\main\res\drawable-v21\launch_background.xml", "XML", 0, 0, 0, 0, 0, 4, 0, 0, 0, 0, 0, 0, 7, 2, 13
"c:\Users\Admin\Documents\GitLab\voce\android\app\src\main\res\drawable\launch_background.xml", "XML", 0, 0, 0, 0, 0, 4, 0, 0, 0, 0, 0, 0, 7, 2, 13
"c:\Users\Admin\Documents\GitLab\voce\android\app\src\main\res\values-night\styles.xml", "XML", 0, 0, 0, 0, 0, 9, 0, 0, 0, 0, 0, 0, 9, 1, 19
"c:\Users\Admin\Documents\GitLab\voce\android\app\src\main\res\values\styles.xml", "XML", 0, 0, 0, 0, 0, 9, 0, 0, 0, 0, 0, 0, 9, 1, 19
"c:\Users\Admin\Documents\GitLab\voce\android\app\src\profile\AndroidManifest.xml", "XML", 0, 0, 0, 0, 0, 4, 0, 0, 0, 0, 0, 0, 3, 1, 8
"c:\Users\Admin\Documents\GitLab\voce\android\build.gradle", "Gradle", 0, 0, 0, 0, 0, 0, 0, 0, 0, 25, 0, 0, 0, 5, 30
"c:\Users\Admin\Documents\GitLab\voce\android\google-services.json", "JSON", 0, 0, 0, 0, 0, 0, 39, 0, 0, 0, 0, 0, 0, 0, 39
"c:\Users\Admin\Documents\GitLab\voce\android\gradle.properties", "Properties", 0, 0, 0, 0, 0, 0, 0, 0, 0, 0, 3, 0, 0, 1, 4
"c:\Users\Admin\Documents\GitLab\voce\android\gradle\wrapper\gradle-wrapper.properties", "Properties", 0, 0, 0, 0, 0, 0, 0, 0, 0, 0, 5, 0, 1, 1, 7
"c:\Users\Admin\Documents\GitLab\voce\android\settings.gradle", "Gradle", 0, 0, 0, 0, 0, 0, 0, 0, 0, 8, 0, 0, 0, 4, 12
"c:\Users\Admin\Documents\GitLab\voce\assets\anim_confirm.json", "JSON", 0, 0, 0, 0, 0, 0, 1, 0, 0, 0, 0, 0, 0, 0, 1
"c:\Users\Admin\Documents\GitLab\voce\assets\audio_recording_animation.json", "JSON", 0, 0, 0, 0, 0, 0, 1, 0, 0, 0, 0, 0, 0, 0, 1
"c:\Users\Admin\Documents\GitLab\voce\assets\lf30_editor_9izb5rld.json", "JSON", 0, 0, 0, 0, 0, 0, 1, 0, 0, 0, 0, 0, 0, 0, 1
"c:\Users\Admin\Documents\GitLab\voce\assets\translate_loading.json", "JSON", 0, 0, 0, 0, 0, 0, 652, 0, 0, 0, 0, 0, 0, 0, 652
"c:\Users\Admin\Documents\GitLab\voce\ios\Runner\AppDelegate.swift", "Swift", 0, 0, 0, 0, 0, 0, 0, 12, 0, 0, 0, 0, 0, 2, 14
"c:\Users\Admin\Documents\GitLab\voce\ios\Runner\Assets.xcassets\AppIcon.appiconset\Contents.json", "JSON", 0, 0, 0, 0, 0, 0, 122, 0, 0, 0, 0, 0, 0, 1, 123
"c:\Users\Admin\Documents\GitLab\voce\ios\Runner\Assets.xcassets\LaunchImage.imageset\Contents.json", "JSON", 0, 0, 0, 0, 0, 0, 23, 0, 0, 0, 0, 0, 0, 1, 24
"c:\Users\Admin\Documents\GitLab\voce\ios\Runner\Assets.xcassets\LaunchImage.imageset\README.md", "Markdown", 0, 0, 3, 0, 0, 0, 0, 0, 0, 0, 0, 0, 0, 2, 5
"c:\Users\Admin\Documents\GitLab\voce\ios\Runner\Base.lproj\LaunchScreen.storyboard", "XML", 0, 0, 0, 0, 0, 36, 0, 0, 0, 0, 0, 0, 1, 1, 38
"c:\Users\Admin\Documents\GitLab\voce\ios\Runner\Base.lproj\Main.storyboard", "XML", 0, 0, 0, 0, 0, 25, 0, 0, 0, 0, 0, 0, 1, 1, 27
"c:\Users\Admin\Documents\GitLab\voce\ios\Runner\Runner-Bridging-Header.h", "C++", 0, 0, 0, 0, 1, 0, 0, 0, 0, 0, 0, 0, 0, 1, 2
"c:\Users\Admin\Documents\GitLab\voce\lib\animations\animation_controller_state.dart", "Dart", 0, 13, 0, 0, 0, 0, 0, 0, 0, 0, 0, 0, 0, 3, 16
"c:\Users\Admin\Documents\GitLab\voce\lib\animations\sine_curve_animation.dart", "Dart", 0, 10, 0, 0, 0, 0, 0, 0, 0, 0, 0, 0, 0, 5, 15
"c:\Users\Admin\Documents\GitLab\voce\lib\blocs\bloc_auth.dart", "Dart", 0, 63, 0, 0, 0, 0, 0, 0, 0, 0, 0, 0, 4, 13, 80
"c:\Users\Admin\Documents\GitLab\voce\lib\blocs\bloc_camera.dart", "Dart", 0, 29, 0, 0, 0, 0, 0, 0, 0, 0, 0, 0, 0, 8, 37
"c:\Users\Admin\Documents\GitLab\voce\lib\blocs\bloc_communication.dart", "Dart", 0, 142, 0, 0, 0, 0, 0, 0, 0, 0, 0, 0, 2, 11, 155
"c:\Users\Admin\Documents\GitLab\voce\lib\blocs\bloc_multimedia_screen.dart", "Dart", 0, 78, 0, 0, 0, 0, 0, 0, 0, 0, 0, 0, 4, 12, 94
"c:\Users\Admin\Documents\GitLab\voce\lib\blocs\bloc_new_patient_panel.dart", "Dart", 0, 19, 0, 0, 0, 0, 0, 0, 0, 0, 0, 0, 0, 8, 27
"c:\Users\Admin\Documents\GitLab\voce\lib\blocs\bloc_patient_screen.dart", "Dart", 0, 261, 0, 0, 0, 0, 0, 0, 0, 0, 0, 0, 4, 12, 277
"c:\Users\Admin\Documents\GitLab\voce\lib\blocs\bloc_table_panel.dart", "Dart", 0, 272, 0, 0, 0, 0, 0, 0, 0, 0, 0, 0, 23, 30, 325
"c:\Users\Admin\Documents\GitLab\voce\lib\blocs\bloc_table_screen.dart", "Dart", 0, 48, 0, 0, 0, 0, 0, 0, 0, 0, 0, 0, 3, 13, 64
"c:\Users\Admin\Documents\GitLab\voce\lib\cubit\add_autism_centre_cubit.dart", "Dart", 0, 32, 0, 0, 0, 0, 0, 0, 0, 0, 0, 0, 0, 10, 42
"c:\Users\Admin\Documents\GitLab\voce\lib\cubit\add_autism_centre_state.dart", "Dart", 0, 22, 0, 0, 0, 0, 0, 0, 0, 0, 0, 0, 0, 8, 30
"c:\Users\Admin\Documents\GitLab\voce\lib\cubit\add_new_patient_cubit.dart", "Dart", 0, 97, 0, 0, 0, 0, 0, 0, 0, 0, 0, 0, 0, 11, 108
"c:\Users\Admin\Documents\GitLab\voce\lib\cubit\add_new_patient_state.dart", "Dart", 0, 25, 0, 0, 0, 0, 0, 0, 0, 0, 0, 0, 0, 9, 34
"c:\Users\Admin\Documents\GitLab\voce\lib\cubit\auth_cubit.dart", "Dart", 0, 93, 0, 0, 0, 0, 0, 0, 0, 0, 0, 0, 0, 9, 102
"c:\Users\Admin\Documents\GitLab\voce\lib\cubit\auth_state.dart", "Dart", 0, 25, 0, 0, 0, 0, 0, 0, 0, 0, 0, 0, 0, 9, 34
"c:\Users\Admin\Documents\GitLab\voce\lib\cubit\communication_settings_panel_cubit.dart", "Dart", 0, 135, 0, 0, 0, 0, 0, 0, 0, 0, 0, 0, 16, 22, 173
"c:\Users\Admin\Documents\GitLab\voce\lib\cubit\communication_settings_panel_state.dart", "Dart", 0, 44, 0, 0, 0, 0, 0, 0, 0, 0, 0, 0, 0, 12, 56
"c:\Users\Admin\Documents\GitLab\voce\lib\cubit\create_image_cubit.dart", "Dart", 0, 98, 0, 0, 0, 0, 0, 0, 0, 0, 0, 0, 0, 16, 114
"c:\Users\Admin\Documents\GitLab\voce\lib\cubit\create_image_state.dart", "Dart", 0, 37, 0, 0, 0, 0, 0, 0, 0, 0, 0, 0, 0, 13, 50
"c:\Users\Admin\Documents\GitLab\voce\lib\cubit\dash_patient_image_count_cubit.dart", "Dart", 0, 56, 0, 0, 0, 0, 0, 0, 0, 0, 0, 0, 3, 10, 69
"c:\Users\Admin\Documents\GitLab\voce\lib\cubit\dash_patient_image_count_state.dart", "Dart", 0, 16, 0, 0, 0, 0, 0, 0, 0, 0, 0, 0, 0, 8, 24
"c:\Users\Admin\Documents\GitLab\voce\lib\cubit\dash_patient_new_pictograms_cubit.dart", "Dart", 0, 58, 0, 0, 0, 0, 0, 0, 0, 0, 0, 0, 3, 14, 75
"c:\Users\Admin\Documents\GitLab\voce\lib\cubit\dash_patient_new_pictograms_state.dart", "Dart", 0, 17, 0, 0, 0, 0, 0, 0, 0, 0, 0, 0, 0, 8, 25
"c:\Users\Admin\Documents\GitLab\voce\lib\cubit\dash_patient_phrase_stats_cubit.dart", "Dart", 0, 62, 0, 0, 0, 0, 0, 0, 0, 0, 0, 0, 3, 14, 79
"c:\Users\Admin\Documents\GitLab\voce\lib\cubit\dash_patient_phrase_stats_state.dart", "Dart", 0, 16, 0, 0, 0, 0, 0, 0, 0, 0, 0, 0, 0, 9, 25
"c:\Users\Admin\Documents\GitLab\voce\lib\cubit\dedicated_cubits\download_centre_tables_cubit.dart", "Dart", 0, 24, 0, 0, 0, 0, 0, 0, 0, 0, 0, 0, 0, 7, 31
"c:\Users\Admin\Documents\GitLab\voce\lib\cubit\dedicated_cubits\download_centre_tables_state.dart", "Dart", 0, 19, 0, 0, 0, 0, 0, 0, 0, 0, 0, 0, 0, 8, 27
"c:\Users\Admin\Documents\GitLab\voce\lib\cubit\dedicated_cubits\download_public_tables_cubit.dart", "Dart", 0, 23, 0, 0, 0, 0, 0, 0, 0, 0, 0, 0, 0, 6, 29
"c:\Users\Admin\Documents\GitLab\voce\lib\cubit\dedicated_cubits\download_public_tables_state.dart", "Dart", 0, 19, 0, 0, 0, 0, 0, 0, 0, 0, 0, 0, 0, 8, 27
"c:\Users\Admin\Documents\GitLab\voce\lib\cubit\dedicated_cubits\search_voce_images_cubit.dart", "Dart", 0, 37, 0, 0, 0, 0, 0, 0, 0, 0, 0, 0, 2, 8, 47
"c:\Users\Admin\Documents\GitLab\voce\lib\cubit\dedicated_cubits\search_voce_images_state.dart", "Dart", 0, 17, 0, 0, 0, 0, 0, 0, 0, 0, 0, 0, 0, 8, 25
"c:\Users\Admin\Documents\GitLab\voce\lib\cubit\dedicated_cubits\sign_up_centre_panel_cubit.dart", "Dart", 0, 45, 0, 0, 0, 0, 0, 0, 0, 0, 0, 0, 0, 8, 53
"c:\Users\Admin\Documents\GitLab\voce\lib\cubit\dedicated_cubits\sign_up_centre_panel_state.dart", "Dart", 0, 18, 0, 0, 0, 0, 0, 0, 0, 0, 0, 0, 0, 9, 27
"c:\Users\Admin\Documents\GitLab\voce\lib\cubit\dedicated_cubits\table_filter_panel_cubit.dart", "Dart", 0, 29, 0, 0, 0, 0, 0, 0, 0, 0, 0, 0, 0, 8, 37
"c:\Users\Admin\Documents\GitLab\voce\lib\cubit\dedicated_cubits\table_filter_panel_state.dart", "Dart", 0, 30, 0, 0, 0, 0, 0, 0, 0, 0, 0, 0, 0, 9, 39
"c:\Users\Admin\Documents\GitLab\voce\lib\cubit\dedicated_cubits\tables_download_cubit.dart", "Dart", 0, 25, 0, 0, 0, 0, 0, 0, 0, 0, 0, 0, 0, 7, 32
"c:\Users\Admin\Documents\GitLab\voce\lib\cubit\dedicated_cubits\tables_download_state.dart", "Dart", 0, 17, 0, 0, 0, 0, 0, 0, 0, 0, 0, 0, 0, 8, 25
"c:\Users\Admin\Documents\GitLab\voce\lib\cubit\home_page_cubit.dart", "Dart", 0, 60, 0, 0, 0, 0, 0, 0, 0, 0, 0, 0, 0, 9, 69
"c:\Users\Admin\Documents\GitLab\voce\lib\cubit\home_page_state.dart", "Dart", 0, 26, 0, 0, 0, 0, 0, 0, 0, 0, 0, 0, 0, 9, 35
"c:\Users\Admin\Documents\GitLab\voce\lib\cubit\image_correction_panel_cubit.dart", "Dart", 0, 70, 0, 0, 0, 0, 0, 0, 0, 0, 0, 0, 15, 11, 96
"c:\Users\Admin\Documents\GitLab\voce\lib\cubit\image_correction_panel_state.dart", "Dart", 0, 25, 0, 0, 0, 0, 0, 0, 0, 0, 0, 0, 0, 7, 32
"c:\Users\Admin\Documents\GitLab\voce\lib\cubit\image_list_panel_cubit.dart", "Dart", 0, 54, 0, 0, 0, 0, 0, 0, 0, 0, 0, 0, 2, 9, 65
"c:\Users\Admin\Documents\GitLab\voce\lib\cubit\image_list_panel_state.dart", "Dart", 0, 23, 0, 0, 0, 0, 0, 0, 0, 0, 0, 0, 0, 8, 31
"c:\Users\Admin\Documents\GitLab\voce\lib\cubit\image_picker_cubit.dart", "Dart", 0, 14, 0, 0, 0, 0, 0, 0, 0, 0, 0, 0, 0, 6, 20
"c:\Users\Admin\Documents\GitLab\voce\lib\cubit\image_picker_state.dart", "Dart", 0, 19, 0, 0, 0, 0, 0, 0, 0, 0, 0, 0, 0, 7, 26
"c:\Users\Admin\Documents\GitLab\voce\lib\cubit\link_story_to_patient_cubit.dart", "Dart", 0, 128, 0, 0, 0, 0, 0, 0, 0, 0, 0, 0, 2, 25, 155
"c:\Users\Admin\Documents\GitLab\voce\lib\cubit\link_story_to_patient_state.dart", "Dart", 0, 18, 0, 0, 0, 0, 0, 0, 0, 0, 0, 0, 0, 9, 27
"c:\Users\Admin\Documents\GitLab\voce\lib\cubit\link_table_to_patient_cubit.dart", "Dart", 0, 115, 0, 0, 0, 0, 0, 0, 0, 0, 0, 0, 0, 23, 138
"c:\Users\Admin\Documents\GitLab\voce\lib\cubit\link_table_to_patient_state.dart", "Dart", 0, 26, 0, 0, 0, 0, 0, 0, 0, 0, 0, 0, 0, 9, 35
"c:\Users\Admin\Documents\GitLab\voce\lib\cubit\multimedia_content_screen_cubit.dart", "Dart", 0, 184, 0, 0, 0, 0, 0, 0, 0, 0, 0, 0, 4, 35, 223
"c:\Users\Admin\Documents\GitLab\voce\lib\cubit\multimedia_content_screen_state.dart", "Dart", 0, 15, 0, 0, 0, 0, 0, 0, 0, 0, 0, 0, 0, 5, 20
"c:\Users\Admin\Documents\GitLab\voce\lib\cubit\open_voce_caa_tables_cubit.dart", "Dart", 0, 28, 0, 0, 0, 0, 0, 0, 0, 0, 0, 0, 0, 5, 33
"c:\Users\Admin\Documents\GitLab\voce\lib\cubit\open_voce_caa_tables_state.dart", "Dart", 0, 17, 0, 0, 0, 0, 0, 0, 0, 0, 0, 0, 0, 8, 25
"c:\Users\Admin\Documents\GitLab\voce\lib\cubit\open_voce_pictograms_cubit.dart", "Dart", 0, 32, 0, 0, 0, 0, 0, 0, 0, 0, 0, 0, 0, 9, 41
"c:\Users\Admin\Documents\GitLab\voce\lib\cubit\open_voce_pictograms_state.dart", "Dart", 0, 17, 0, 0, 0, 0, 0, 0, 0, 0, 0, 0, 0, 8, 25
"c:\Users\Admin\Documents\GitLab\voce\lib\cubit\operator_communication_cubit.dart", "Dart", 0, 188, 0, 0, 0, 0, 0, 0, 0, 0, 0, 0, 7, 31, 226
"c:\Users\Admin\Documents\GitLab\voce\lib\cubit\operator_communication_state.dart", "Dart", 0, 29, 0, 0, 0, 0, 0, 0, 0, 0, 0, 0, 0, 10, 39
"c:\Users\Admin\Documents\GitLab\voce\lib\cubit\patient_communication_cubit.dart", "Dart", 0, 143, 0, 0, 0, 0, 0, 0, 0, 0, 0, 0, 0, 19, 162
"c:\Users\Admin\Documents\GitLab\voce\lib\cubit\patient_communication_state.dart", "Dart", 0, 25, 0, 0, 0, 0, 0, 0, 0, 0, 0, 0, 0, 8, 33
"c:\Users\Admin\Documents\GitLab\voce\lib\cubit\patient_screen_cubit.dart", "Dart", 0, 38, 0, 0, 0, 0, 0, 0, 0, 0, 0, 0, 0, 7, 45
"c:\Users\Admin\Documents\GitLab\voce\lib\cubit\patient_screen_state.dart", "Dart", 0, 12, 0, 0, 0, 0, 0, 0, 0, 0, 0, 0, 0, 4, 16
"c:\Users\Admin\Documents\GitLab\voce\lib\cubit\patients_cubit.dart", "Dart", 0, 21, 0, 0, 0, 0, 0, 0, 0, 0, 0, 0, 2, 6, 29
"c:\Users\Admin\Documents\GitLab\voce\lib\cubit\patients_state.dart", "Dart", 0, 12, 0, 0, 0, 0, 0, 0, 0, 0, 0, 0, 0, 4, 16
"c:\Users\Admin\Documents\GitLab\voce\lib\cubit\pictograms_cubit.dart", "Dart", 0, 89, 0, 0, 0, 0, 0, 0, 0, 0, 0, 0, 0, 18, 107
"c:\Users\Admin\Documents\GitLab\voce\lib\cubit\pictograms_state.dart", "Dart", 0, 18, 0, 0, 0, 0, 0, 0, 0, 0, 0, 0, 0, 10, 28
"c:\Users\Admin\Documents\GitLab\voce\lib\cubit\profile_info_screen\profile_info_cubit.dart", "Dart", 0, 31, 0, 0, 0, 0, 0, 0, 0, 0, 0, 0, 0, 7, 38
"c:\Users\Admin\Documents\GitLab\voce\lib\cubit\profile_info_screen\profile_info_state.dart", "Dart", 0, 19, 0, 0, 0, 0, 0, 0, 0, 0, 0, 0, 0, 9, 28
"c:\Users\Admin\Documents\GitLab\voce\lib\cubit\set_active_patient_cubit.dart", "Dart", 0, 27, 0, 0, 0, 0, 0, 0, 0, 0, 0, 0, 0, 5, 32
"c:\Users\Admin\Documents\GitLab\voce\lib\cubit\set_active_patient_state.dart", "Dart", 0, 11, 0, 0, 0, 0, 0, 0, 0, 0, 0, 0, 0, 4, 15
"c:\Users\Admin\Documents\GitLab\voce\lib\cubit\set_active_table_cubit.dart", "Dart", 0, 61, 0, 0, 0, 0, 0, 0, 0, 0, 0, 0, 0, 11, 72
"c:\Users\Admin\Documents\GitLab\voce\lib\cubit\set_active_table_state.dart", "Dart", 0, 23, 0, 0, 0, 0, 0, 0, 0, 0, 0, 0, 0, 8, 31
"c:\Users\Admin\Documents\GitLab\voce\lib\cubit\sign_up_cubit.dart", "Dart", 0, 62, 0, 0, 0, 0, 0, 0, 0, 0, 0, 0, 0, 11, 73
"c:\Users\Admin\Documents\GitLab\voce\lib\cubit\sign_up_state.dart", "Dart", 0, 39, 0, 0, 0, 0, 0, 0, 0, 0, 0, 0, 0, 15, 54
"c:\Users\Admin\Documents\GitLab\voce\lib\cubit\social_story_communication_setup_cubit.dart", "Dart", 0, 113, 0, 0, 0, 0, 0, 0, 0, 0, 0, 0, 2, 20, 135
"c:\Users\Admin\Documents\GitLab\voce\lib\cubit\social_story_communication_setup_state.dart", "Dart", 0, 19, 0, 0, 0, 0, 0, 0, 0, 0, 0, 0, 0, 8, 27
"c:\Users\Admin\Documents\GitLab\voce\lib\cubit\social_story_cubit\open_voce_social_stories_cubit.dart", "Dart", 0, 39, 0, 0, 0, 0, 0, 0, 0, 0, 0, 0, 0, 6, 45
"c:\Users\Admin\Documents\GitLab\voce\lib\cubit\social_story_cubit\open_voce_social_stories_state.dart", "Dart", 0, 17, 0, 0, 0, 0, 0, 0, 0, 0, 0, 0, 0, 8, 25
"c:\Users\Admin\Documents\GitLab\voce\lib\cubit\social_story_cubit\social_stories_view_cubit.dart", "Dart", 0, 54, 0, 0, 0, 0, 0, 0, 0, 0, 0, 0, 0, 9, 63
"c:\Users\Admin\Documents\GitLab\voce\lib\cubit\social_story_cubit\social_stories_view_state.dart", "Dart", 0, 17, 0, 0, 0, 0, 0, 0, 0, 0, 0, 0, 0, 8, 25
"c:\Users\Admin\Documents\GitLab\voce\lib\cubit\social_story_cubit\social_story_comm_detail_cubit_cubit.dart", "Dart", 0, 70, 0, 0, 0, 0, 0, 0, 0, 0, 0, 0, 0, 7, 77
"c:\Users\Admin\Documents\GitLab\voce\lib\cubit\social_story_cubit\social_story_comm_detail_cubit_state.dart", "Dart", 0, 21, 0, 0, 0, 0, 0, 0, 0, 0, 0, 0, 0, 9, 30
"c:\Users\Admin\Documents\GitLab\voce\lib\cubit\social_story_cubit\social_story_editor_cubit.dart", "Dart", 0, 261, 0, 0, 0, 0, 0, 0, 0, 0, 0, 0, 1, 36, 298
"c:\Users\Admin\Documents\GitLab\voce\lib\cubit\social_story_cubit\social_story_editor_state.dart", "Dart", 0, 39, 0, 0, 0, 0, 0, 0, 0, 0, 0, 0, 0, 17, 56
"c:\Users\Admin\Documents\GitLab\voce\lib\cubit\social_story_cubit\social_story_manager_cubit.dart", "Dart", 0, 101, 0, 0, 0, 0, 0, 0, 0, 0, 0, 0, 1, 16, 118
"c:\Users\Admin\Documents\GitLab\voce\lib\cubit\social_story_cubit\social_story_manager_state.dart", "Dart", 0, 17, 0, 0, 0, 0, 0, 0, 0, 0, 0, 0, 0, 8, 25
"c:\Users\Admin\Documents\GitLab\voce\lib\cubit\speech_to_text_cubit.dart", "Dart", 0, 29, 0, 0, 0, 0, 0, 0, 0, 0, 0, 0, 0, 5, 34
"c:\Users\Admin\Documents\GitLab\voce\lib\cubit\speech_to_text_state.dart", "Dart", 0, 22, 0, 0, 0, 0, 0, 0, 0, 0, 0, 0, 0, 8, 30
"c:\Users\Admin\Documents\GitLab\voce\lib\cubit\table_context_cubit.dart", "Dart", 0, 32, 0, 0, 0, 0, 0, 0, 0, 0, 0, 0, 1, 10, 43
"c:\Users\Admin\Documents\GitLab\voce\lib\cubit\table_context_state.dart", "Dart", 0, 20, 0, 0, 0, 0, 0, 0, 0, 0, 0, 0, 0, 7, 27
"c:\Users\Admin\Documents\GitLab\voce\lib\cubit\table_list_cubit.dart", "Dart", 0, 16, 0, 0, 0, 0, 0, 0, 0, 0, 0, 0, 0, 5, 21
"c:\Users\Admin\Documents\GitLab\voce\lib\cubit\table_list_state.dart", "Dart", 0, 20, 0, 0, 0, 0, 0, 0, 0, 0, 0, 0, 0, 7, 27
"c:\Users\Admin\Documents\GitLab\voce\lib\cubit\table_panel_cubit.dart", "Dart", 0, 180, 0, 0, 0, 0, 0, 0, 0, 0, 0, 0, 10, 23, 213
"c:\Users\Admin\Documents\GitLab\voce\lib\cubit\table_panel_state.dart", "Dart", 0, 33, 0, 0, 0, 0, 0, 0, 0, 0, 0, 0, 0, 13, 46
"c:\Users\Admin\Documents\GitLab\voce\lib\cubit\tables_screen_cubit.dart", "Dart", 0, 96, 0, 0, 0, 0, 0, 0, 0, 0, 0, 0, 1, 22, 119
"c:\Users\Admin\Documents\GitLab\voce\lib\cubit\tables_screen_state.dart", "Dart", 0, 21, 0, 0, 0, 0, 0, 0, 0, 0, 0, 0, 0, 8, 29
"c:\Users\Admin\Documents\GitLab\voce\lib\exceptions\voce_api_exception.dart", "Dart", 0, 5, 0, 0, 0, 0, 0, 0, 0, 0, 0, 0, 0, 1, 6
"c:\Users\Admin\Documents\GitLab\voce\lib\main.dart", "Dart", 0, 41, 0, 0, 0, 0, 0, 0, 0, 0, 0, 0, 1, 4, 46
"c:\Users\Admin\Documents\GitLab\voce\lib\models\autism_centre.dart", "Dart", 0, 27, 0, 0, 0, 0, 0, 0, 0, 0, 0, 0, 0, 7, 34
"c:\Users\Admin\Documents\GitLab\voce\lib\models\autism_centre.g.dart", "Dart", 0, 12, 0, 0, 0, 0, 0, 0, 0, 0, 0, 0, 5, 5, 22
"c:\Users\Admin\Documents\GitLab\voce\lib\models\caa_audio_record.dart", "Dart", 0, 22, 0, 0, 0, 0, 0, 0, 0, 0, 0, 0, 2, 6, 30
"c:\Users\Admin\Documents\GitLab\voce\lib\models\caa_audio_record.g.dart", "Dart", 0, 17, 0, 0, 0, 0, 0, 0, 0, 0, 0, 0, 4, 5, 26
"c:\Users\Admin\Documents\GitLab\voce\lib\models\caa_multimedia_content.dart", "Dart", 0, 12, 0, 0, 0, 0, 0, 0, 0, 0, 0, 0, 0, 2, 14
"c:\Users\Admin\Documents\GitLab\voce\lib\models\caa_table.dart", "Dart", 0, 142, 0, 0, 0, 0, 0, 0, 0, 0, 0, 0, 0, 14, 156
"c:\Users\Admin\Documents\GitLab\voce\lib\models\caa_table.g.dart", "Dart", 0, 65, 0, 0, 0, 0, 0, 0, 0, 0, 0, 0, 4, 8, 77
"c:\Users\Admin\Documents\GitLab\voce\lib\models\comunicative_session.dart", "Dart", 0, 73, 0, 0, 0, 0, 0, 0, 0, 0, 0, 0, 0, 17, 90
"c:\Users\Admin\Documents\GitLab\voce\lib\models\comunicative_session.g.dart", "Dart", 0, 15, 0, 0, 0, 0, 0, 0, 0, 0, 0, 0, 0, 3, 18
"c:\Users\Admin\Documents\GitLab\voce\lib\models\constants\constant_graphics.dart", "Dart", 0, 6, 0, 0, 0, 0, 0, 0, 0, 0, 0, 0, 0, 2, 8
"c:\Users\Admin\Documents\GitLab\voce\lib\models\enums\grammatical_type.dart", "Dart", 0, 7, 0, 0, 0, 0, 0, 0, 0, 0, 0, 0, 0, 1, 8
"c:\Users\Admin\Documents\GitLab\voce\lib\models\enums\image_context.dart", "Dart", 0, 5, 0, 0, 0, 0, 0, 0, 0, 0, 0, 0, 0, 1, 6
"c:\Users\Admin\Documents\GitLab\voce\lib\models\enums\patient_operation.dart", "Dart", 0, 4, 0, 0, 0, 0, 0, 0, 0, 0, 0, 0, 0, 1, 5
"c:\Users\Admin\Documents\GitLab\voce\lib\models\enums\social_story_view_type.dart", "Dart", 0, 4, 0, 0, 0, 0, 0, 0, 0, 0, 0, 0, 0, 1, 5
"c:\Users\Admin\Documents\GitLab\voce\lib\models\enums\table_format.dart", "Dart", 0, 8, 0, 0, 0, 0, 0, 0, 0, 0, 0, 0, 0, 1, 9
"c:\Users\Admin\Documents\GitLab\voce\lib\models\enums\table_operation.dart", "Dart", 0, 5, 0, 0, 0, 0, 0, 0, 0, 0, 0, 0, 0, 1, 6
"c:\Users\Admin\Documents\GitLab\voce\lib\models\enums\table_scope.dart", "Dart", 0, 5, 0, 0, 0, 0, 0, 0, 0, 0, 0, 0, 0, 1, 6
"c:\Users\Admin\Documents\GitLab\voce\lib\models\enums\table_sector_number.dart", "Dart", 0, 6, 0, 0, 0, 0, 0, 0, 0, 0, 0, 0, 0, 1, 7
"c:\Users\Admin\Documents\GitLab\voce\lib\models\enums\vocal_profile.dart", "Dart", 0, 6, 0, 0, 0, 0, 0, 0, 0, 0, 0, 0, 0, 1, 7
"c:\Users\Admin\Documents\GitLab\voce\lib\models\image.dart", "Dart", 0, 44, 0, 0, 0, 0, 0, 0, 0, 0, 0, 0, 0, 6, 50
"c:\Users\Admin\Documents\GitLab\voce\lib\models\image.g.dart", "Dart", 0, 54, 0, 0, 0, 0, 0, 0, 0, 0, 0, 0, 14, 9, 77
"c:\Users\Admin\Documents\GitLab\voce\lib\models\image_imagebar.dart", "Dart", 0, 12, 0, 0, 0, 0, 0, 0, 0, 0, 0, 0, 0, 5, 17
"c:\Users\Admin\Documents\GitLab\voce\lib\models\patient.dart", "Dart", 0, 73, 0, 0, 0, 0, 0, 0, 0, 0, 0, 0, 1, 11, 85
"c:\Users\Admin\Documents\GitLab\voce\lib\models\patient.g.dart", "Dart", 0, 76, 0, 0, 0, 0, 0, 0, 0, 0, 0, 0, 4, 9, 89
"c:\Users\Admin\Documents\GitLab\voce\lib\models\social_story.dart", "Dart", 0, 120, 0, 0, 0, 0, 0, 0, 0, 0, 0, 0, 0, 14, 134
"c:\Users\Admin\Documents\GitLab\voce\lib\models\social_story.g.dart", "Dart", 0, 44, 0, 0, 0, 0, 0, 0, 0, 0, 0, 0, 1, 4, 49
"c:\Users\Admin\Documents\GitLab\voce\lib\models\synset.dart", "Dart", 0, 18, 0, 0, 0, 0, 0, 0, 0, 0, 0, 0, 0, 6, 24
"c:\Users\Admin\Documents\GitLab\voce\lib\models\synset.g.dart", "Dart", 0, 11, 0, 0, 0, 0, 0, 0, 0, 0, 0, 0, 0, 3, 14
"c:\Users\Admin\Documents\GitLab\voce\lib\models\table_sector.dart", "Dart", 0, 40, 0, 0, 0, 0, 0, 0, 0, 0, 0, 0, 0, 9, 49
"c:\Users\Admin\Documents\GitLab\voce\lib\models\table_sector.g.dart", "Dart", 0, 47, 0, 0, 0, 0, 0, 0, 0, 0, 0, 0, 4, 8, 59
"c:\Users\Admin\Documents\GitLab\voce\lib\models\user.dart", "Dart", 0, 43, 0, 0, 0, 0, 0, 0, 0, 0, 0, 0, 0, 7, 50
"c:\Users\Admin\Documents\GitLab\voce\lib\models\user.g.dart", "Dart", 0, 20, 0, 0, 0, 0, 0, 0, 0, 0, 0, 0, 4, 5, 29
"c:\Users\Admin\Documents\GitLab\voce\lib\screens\auth_screens\login_screen.dart", "Dart", 0, 321, 0, 0, 0, 0, 0, 0, 0, 0, 0, 0, 1, 16, 338
"c:\Users\Admin\Documents\GitLab\voce\lib\screens\auth_screens\mbs\mb_create_centre.dart", "Dart", 0, 153, 0, 0, 0, 0, 0, 0, 0, 0, 0, 0, 0, 3, 156
"c:\Users\Admin\Documents\GitLab\voce\lib\screens\auth_screens\mbs\mb_error.dart", "Dart", 0, 121, 0, 0, 0, 0, 0, 0, 0, 0, 0, 0, 0, 9, 130
"c:\Users\Admin\Documents\GitLab\voce\lib\screens\auth_screens\mbs\mb_error_credentials.dart", "Dart", 0, 102, 0, 0, 0, 0, 0, 0, 0, 0, 0, 0, 0, 8, 110
"c:\Users\Admin\Documents\GitLab\voce\lib\screens\auth_screens\mbs\mb_secret_code_error.dart", "Dart", 0, 111, 0, 0, 0, 0, 0, 0, 0, 0, 0, 0, 0, 8, 119
"c:\Users\Admin\Documents\GitLab\voce\lib\screens\auth_screens\root_screen.dart", "Dart", 0, 77, 0, 0, 0, 0, 0, 0, 0, 0, 0, 0, 0, 7, 84
"c:\Users\Admin\Documents\GitLab\voce\lib\screens\auth_screens\signup_screen.dart", "Dart", 0, 109, 0, 0, 0, 0, 0, 0, 0, 0, 0, 0, 0, 8, 117
"c:\Users\Admin\Documents\GitLab\voce\lib\screens\auth_screens\signup_screen_pages\default_tables_page.dart", "Dart", 0, 164, 0, 0, 0, 0, 0, 0, 0, 0, 0, 0, 10, 3, 177
"c:\Users\Admin\Documents\GitLab\voce\lib\screens\auth_screens\signup_screen_pages\user_centre_page.dart", "Dart", 0, 215, 0, 0, 0, 0, 0, 0, 0, 0, 0, 0, 2, 4, 221
"c:\Users\Admin\Documents\GitLab\voce\lib\screens\auth_screens\signup_screen_pages\user_data_page.dart", "Dart", 0, 83, 0, 0, 0, 0, 0, 0, 0, 0, 0, 0, 0, 3, 86
"c:\Users\Admin\Documents\GitLab\voce\lib\screens\auth_screens\ui_components\autism_centre_item_list.dart", "Dart", 0, 70, 0, 0, 0, 0, 0, 0, 0, 0, 0, 0, 0, 4, 74
"c:\Users\Admin\Documents\GitLab\voce\lib\screens\camera_screens\camera_screen.dart", "Dart", 0, 52, 0, 0, 0, 0, 0, 0, 0, 0, 0, 0, 3, 9, 64
"c:\Users\Admin\Documents\GitLab\voce\lib\screens\communication_screens\communication_screen.dart", "Dart", 0, 112, 0, 0, 0, 0, 0, 0, 0, 0, 0, 0, 50, 15, 177
"c:\Users\Admin\Documents\GitLab\voce\lib\screens\communication_screens\communication_screen_v2.dart", "Dart", 0, 93, 0, 0, 0, 0, 0, 0, 0, 0, 0, 0, 0, 4, 97
"c:\Users\Admin\Documents\GitLab\voce\lib\screens\communication_screens\communication_setup_screen.dart", "Dart", 0, 298, 0, 0, 0, 0, 0, 0, 0, 0, 0, 0, 4, 5, 307
"c:\Users\Admin\Documents\GitLab\voce\lib\screens\communication_screens\mbs\mb_image_correction.dart", "Dart", 0, 174, 0, 0, 0, 0, 0, 0, 0, 0, 0, 0, 2, 7, 183
"c:\Users\Admin\Documents\GitLab\voce\lib\screens\communication_screens\mbs\mb_no_active_patient.dart", "Dart", 0, 156, 0, 0, 0, 0, 0, 0, 0, 0, 0, 0, 0, 8, 164
"c:\Users\Admin\Documents\GitLab\voce\lib\screens\communication_screens\mbs\mb_no_active_table.dart", "Dart", 0, 148, 0, 0, 0, 0, 0, 0, 0, 0, 0, 0, 0, 7, 155
"c:\Users\Admin\Documents\GitLab\voce\lib\screens\communication_screens\pages\operator_page.dart", "Dart", 0, 87, 0, 0, 0, 0, 0, 0, 0, 0, 0, 0, 0, 7, 94
"c:\Users\Admin\Documents\GitLab\voce\lib\screens\communication_screens\pages\operator_page_edit.dart", "Dart", 0, 201, 0, 0, 0, 0, 0, 0, 0, 0, 0, 0, 141, 10, 352
"c:\Users\Admin\Documents\GitLab\voce\lib\screens\communication_screens\pages\operator_page_translate.dart", "Dart", 0, 172, 0, 0, 0, 0, 0, 0, 0, 0, 0, 0, 0, 9, 181
"c:\Users\Admin\Documents\GitLab\voce\lib\screens\communication_screens\pages\patient_page.dart", "Dart", 0, 98, 0, 0, 0, 0, 0, 0, 0, 0, 0, 0, 1, 11, 110
"c:\Users\Admin\Documents\GitLab\voce\lib\screens\communication_screens\ui_components\btn_communication_menu.dart", "Dart", 0, 114, 0, 0, 0, 0, 0, 0, 0, 0, 0, 0, 8, 4, 126
"c:\Users\Admin\Documents\GitLab\voce\lib\screens\communication_screens\ui_components\fast_table_selection_panel.dart", "Dart", 0, 169, 0, 0, 0, 0, 0, 0, 0, 0, 0, 0, 2, 11, 182
"c:\Users\Admin\Documents\GitLab\voce\lib\screens\communication_screens\ui_components\input_text.dart", "Dart", 0, 68, 0, 0, 0, 0, 0, 0, 0, 0, 0, 0, 3, 8, 79
"c:\Users\Admin\Documents\GitLab\voce\lib\screens\communication_screens\ui_components\operator_image_bar.dart", "Dart", 0, 192, 0, 0, 0, 0, 0, 0, 0, 0, 0, 0, 36, 8, 236
"c:\Users\Admin\Documents\GitLab\voce\lib\screens\communication_screens\ui_components\patient_image_bar.dart", "Dart", 0, 110, 0, 0, 0, 0, 0, 0, 0, 0, 0, 0, 1, 6, 117
"c:\Users\Admin\Documents\GitLab\voce\lib\screens\communication_screens\ui_components\patient_list_item.dart", "Dart", 0, 134, 0, 0, 0, 0, 0, 0, 0, 0, 0, 0, 1, 4, 139
"c:\Users\Admin\Documents\GitLab\voce\lib\screens\communication_screens\ui_components\reordable_image_bar.dart", "Dart", 0, 24, 0, 0, 0, 0, 0, 0, 0, 0, 0, 0, 1, 4, 29
"c:\Users\Admin\Documents\GitLab\voce\lib\screens\communication_settings_screen\communication_settings_screen.dart", "Dart", 0, 85, 0, 0, 0, 0, 0, 0, 0, 0, 0, 0, 0, 5, 90
"c:\Users\Admin\Documents\GitLab\voce\lib\screens\communication_settings_screen\ui_components\subject_selection.dart", "Dart", 0, 224, 0, 0, 0, 0, 0, 0, 0, 0, 0, 0, 58, 4, 286
"c:\Users\Admin\Documents\GitLab\voce\lib\screens\communication_settings_screen\ui_components\system_settings.dart", "Dart", 0, 128, 0, 0, 0, 0, 0, 0, 0, 0, 0, 0, 0, 3, 131
"c:\Users\Admin\Documents\GitLab\voce\lib\screens\communication_settings_screen\ui_components\table_card_component.dart", "Dart", 0, 102, 0, 0, 0, 0, 0, 0, 0, 0, 0, 0, 0, 9, 111
"c:\Users\Admin\Documents\GitLab\voce\lib\screens\home_page\home_screen.dart", "Dart", 0, 378, 0, 0, 0, 0, 0, 0, 0, 0, 0, 0, 18, 13, 409
"c:\Users\Admin\Documents\GitLab\voce\lib\screens\home_page\mbs\mb_add_new_patient.dart", "Dart", 0, 290, 0, 0, 0, 0, 0, 0, 0, 0, 0, 0, 2, 7, 299
"c:\Users\Admin\Documents\GitLab\voce\lib\screens\home_page\mbs\mb_user_profile.dart", "Dart", 0, 8, 0, 0, 0, 0, 0, 0, 0, 0, 0, 0, 0, 3, 11
"c:\Users\Admin\Documents\GitLab\voce\lib\screens\home_page\mbs\ui_components\dropdown_vocal_profile.dart", "Dart", 0, 49, 0, 0, 0, 0, 0, 0, 0, 0, 0, 0, 0, 7, 56
"c:\Users\Admin\Documents\GitLab\voce\lib\screens\home_page\ui_components\patient_card.dart", "Dart", 0, 101, 0, 0, 0, 0, 0, 0, 0, 0, 0, 0, 0, 4, 105
"c:\Users\Admin\Documents\GitLab\voce\lib\screens\home_page\ui_components\section_card.dart", "Dart", 0, 65, 0, 0, 0, 0, 0, 0, 0, 0, 0, 0, 0, 4, 69
"c:\Users\Admin\Documents\GitLab\voce\lib\screens\multimedia_contents_screens\mbs\mb_audio_details.dart", "Dart", 0, 248, 0, 0, 0, 0, 0, 0, 0, 0, 0, 0, 3, 3, 254
"c:\Users\Admin\Documents\GitLab\voce\lib\screens\multimedia_contents_screens\mbs\mb_image_details.dart", "Dart", 0, 99, 0, 0, 0, 0, 0, 0, 0, 0, 0, 0, 0, 2, 101
"c:\Users\Admin\Documents\GitLab\voce\lib\screens\multimedia_contents_screens\mbs\modal_create_image\mb_new_image.dart", "Dart", 0, 152, 0, 0, 0, 0, 0, 0, 0, 0, 0, 0, 38, 8, 198
"c:\Users\Admin\Documents\GitLab\voce\lib\screens\multimedia_contents_screens\mbs\modal_create_image\pages\audio_link_page.dart", "Dart", 0, 8, 0, 0, 0, 0, 0, 0, 0, 0, 0, 0, 0, 3, 11
"c:\Users\Admin\Documents\GitLab\voce\lib\screens\multimedia_contents_screens\mbs\modal_create_image\pages\image_data_page.dart", "Dart", 0, 211, 0, 0, 0, 0, 0, 0, 0, 0, 0, 0, 3, 8, 222
"c:\Users\Admin\Documents\GitLab\voce\lib\screens\multimedia_contents_screens\mbs\modal_finalize_creation\mb_finalize_creation_image.dart", "Dart", 0, 129, 0, 0, 0, 0, 0, 0, 0, 0, 0, 0, 2, 7, 138
"c:\Users\Admin\Documents\GitLab\voce\lib\screens\multimedia_contents_screens\mbs\modal_image_creation_fault\mb_image_creation_fault.dart", "Dart", 0, 88, 0, 0, 0, 0, 0, 0, 0, 0, 0, 0, 0, 5, 93
"c:\Users\Admin\Documents\GitLab\voce\lib\screens\multimedia_contents_screens\mbs\pages\page_image_content.dart", "Dart", 0, 221, 0, 0, 0, 0, 0, 0, 0, 0, 0, 0, 3, 4, 228
"c:\Users\Admin\Documents\GitLab\voce\lib\screens\multimedia_contents_screens\mbs\pages\page_image_info.dart", "Dart", 0, 97, 0, 0, 0, 0, 0, 0, 0, 0, 0, 0, 0, 3, 100
"c:\Users\Admin\Documents\GitLab\voce\lib\screens\multimedia_contents_screens\multimedia_contents_screen.dart", "Dart", 0, 171, 0, 0, 0, 0, 0, 0, 0, 0, 0, 0, 6, 5, 182
"c:\Users\Admin\Documents\GitLab\voce\lib\screens\multimedia_contents_screens\open_voce_pictograms_screen.dart", "Dart", 0, 120, 0, 0, 0, 0, 0, 0, 0, 0, 0, 0, 0, 8, 128
"c:\Users\Admin\Documents\GitLab\voce\lib\screens\multimedia_contents_screens\pictograms_manager_screen.dart", "Dart", 0, 211, 0, 0, 0, 0, 0, 0, 0, 0, 0, 0, 0, 9, 220
"c:\Users\Admin\Documents\GitLab\voce\lib\screens\multimedia_contents_screens\ui_components\download_by_patient_panel.dart", "Dart", 0, 96, 0, 0, 0, 0, 0, 0, 0, 0, 0, 0, 4, 8, 108
"c:\Users\Admin\Documents\GitLab\voce\lib\screens\multimedia_contents_screens\ui_components\filter_by_ownership_panel.dart", "Dart", 0, 56, 0, 0, 0, 0, 0, 0, 0, 0, 0, 0, 0, 3, 59
"c:\Users\Admin\Documents\GitLab\voce\lib\screens\multimedia_contents_screens\ui_components\filter_by_patient_panel.dart", "Dart", 0, 72, 0, 0, 0, 0, 0, 0, 0, 0, 0, 0, 0, 5, 77
"c:\Users\Admin\Documents\GitLab\voce\lib\screens\multimedia_contents_screens\ui_components\filter_panel.dart", "Dart", 0, 151, 0, 0, 0, 0, 0, 0, 0, 0, 0, 0, 0, 7, 158
"c:\Users\Admin\Documents\GitLab\voce\lib\screens\multimedia_contents_screens\ui_components\patient_list_tile.dart", "Dart", 0, 53, 0, 0, 0, 0, 0, 0, 0, 0, 0, 0, 0, 7, 60
"c:\Users\Admin\Documents\GitLab\voce\lib\screens\patient_screens\mbs\mb_link_story.dart", "Dart", 0, 178, 0, 0, 0, 0, 0, 0, 0, 0, 0, 0, 1, 6, 185
"c:\Users\Admin\Documents\GitLab\voce\lib\screens\patient_screens\mbs\mb_link_table.dart", "Dart", 0, 163, 0, 0, 0, 0, 0, 0, 0, 0, 0, 0, 1, 5, 169
"c:\Users\Admin\Documents\GitLab\voce\lib\screens\patient_screens\pages\caa_tables_page.dart", "Dart", 0, 106, 0, 0, 0, 0, 0, 0, 0, 0, 0, 0, 0, 4, 110
"c:\Users\Admin\Documents\GitLab\voce\lib\screens\patient_screens\pages\patient_dashboard_page.dart", "Dart", 0, 78, 0, 0, 0, 0, 0, 0, 0, 0, 0, 0, 0, 3, 81
"c:\Users\Admin\Documents\GitLab\voce\lib\screens\patient_screens\pages\social_stories_page.dart", "Dart", 0, 52, 0, 0, 0, 0, 0, 0, 0, 0, 0, 0, 0, 4, 56
"c:\Users\Admin\Documents\GitLab\voce\lib\screens\patient_screens\patient_details_screen.dart", "Dart", 0, 135, 0, 0, 0, 0, 0, 0, 0, 0, 0, 0, 0, 5, 140
"c:\Users\Admin\Documents\GitLab\voce\lib\screens\patient_screens\ui_components\patient_info_card.dart", "Dart", 0, 109, 0, 0, 0, 0, 0, 0, 0, 0, 0, 0, 0, 4, 113
"c:\Users\Admin\Documents\GitLab\voce\lib\screens\patient_screens\ui_components\patient_stories_management_card.dart", "Dart", 0, 139, 0, 0, 0, 0, 0, 0, 0, 0, 0, 0, 0, 4, 143
"c:\Users\Admin\Documents\GitLab\voce\lib\screens\patient_screens\ui_components\patient_tables_management_card.dart", "Dart", 0, 190, 0, 0, 0, 0, 0, 0, 0, 0, 0, 0, 0, 4, 194
"c:\Users\Admin\Documents\GitLab\voce\lib\screens\patient_screens\ui_components\story_linl_list_item.dart", "Dart", 0, 137, 0, 0, 0, 0, 0, 0, 0, 0, 0, 0, 0, 6, 143
"c:\Users\Admin\Documents\GitLab\voce\lib\screens\patient_screens\ui_components\table_link_list_item.dart", "Dart", 0, 138, 0, 0, 0, 0, 0, 0, 0, 0, 0, 0, 0, 6, 144
"c:\Users\Admin\Documents\GitLab\voce\lib\screens\print_screens\print_screen.dart", "Dart", 0, 148, 0, 0, 0, 0, 0, 0, 0, 0, 0, 0, 22, 17, 187
"c:\Users\Admin\Documents\GitLab\voce\lib\screens\social_stories_screens\mbs\mb_translation_fix.dart", "Dart", 0, 195, 0, 0, 0, 0, 0, 0, 0, 0, 0, 0, 1, 8, 204
"c:\Users\Admin\Documents\GitLab\voce\lib\screens\social_stories_screens\open_voce_social_stories_screen.dart", "Dart", 0, 185, 0, 0, 0, 0, 0, 0, 0, 0, 0, 0, 1, 7, 193
"c:\Users\Admin\Documents\GitLab\voce\lib\screens\social_stories_screens\social_stories_screen.dart", "Dart", 0, 295, 0, 0, 0, 0, 0, 0, 0, 0, 0, 0, 1, 6, 302
"c:\Users\Admin\Documents\GitLab\voce\lib\screens\social_stories_screens\social_story_communication_screens\printable_comunication.dart", "Dart", 0, 83, 0, 0, 0, 0, 0, 0, 0, 0, 0, 0, 0, 7, 90
"c:\Users\Admin\Documents\GitLab\voce\lib\screens\social_stories_screens\social_story_communication_screens\social_story_comm_detail_screen.dart", "Dart", 0, 173, 0, 0, 0, 0, 0, 0, 0, 0, 0, 0, 2, 11, 186
"c:\Users\Admin\Documents\GitLab\voce\lib\screens\social_stories_screens\social_story_communication_screens\social_story_communication_screen.dart", "Dart", 0, 134, 0, 0, 0, 0, 0, 0, 0, 0, 0, 0, 32, 7, 173
"c:\Users\Admin\Documents\GitLab\voce\lib\screens\social_stories_screens\social_story_communication_screens\social_story_communication_setup_screen.dart", "Dart", 0, 264, 0, 0, 0, 0, 0, 0, 0, 0, 0, 0, 1, 8, 273
"c:\Users\Admin\Documents\GitLab\voce\lib\screens\social_stories_screens\social_story_communication_screens\ui_components\social_story_patient_selection_card.dart", "Dart", 0, 81, 0, 0, 0, 0, 0, 0, 0, 0, 0, 0, 0, 5, 86
"c:\Users\Admin\Documents\GitLab\voce\lib\screens\social_stories_screens\social_story_creation_screen.dart", "Dart", 0, 266, 0, 0, 0, 0, 0, 0, 0, 0, 0, 0, 21, 13, 300
"c:\Users\Admin\Documents\GitLab\voce\lib\screens\social_stories_screens\social_story_edit_pages\social_story_edit_content.dart", "Dart", 0, 184, 0, 0, 0, 0, 0, 0, 0, 0, 0, 0, 21, 12, 217
"c:\Users\Admin\Documents\GitLab\voce\lib\screens\social_stories_screens\social_story_edit_pages\social_story_edit_data.dart", "Dart", 0, 294, 0, 0, 0, 0, 0, 0, 0, 0, 0, 0, 0, 7, 301
"c:\Users\Admin\Documents\GitLab\voce\lib\screens\social_stories_screens\social_story_edit_pages\social_story_translate_panel.dart", "Dart", 0, 138, 0, 0, 0, 0, 0, 0, 0, 0, 0, 0, 26, 4, 168
"c:\Users\Admin\Documents\GitLab\voce\lib\screens\social_stories_screens\social_story_view_screen.dart", "Dart", 0, 89, 0, 0, 0, 0, 0, 0, 0, 0, 0, 0, 0, 4, 93
"c:\Users\Admin\Documents\GitLab\voce\lib\screens\social_stories_screens\ui_components\fast_story_selection_panel.dart", "Dart", 0, 153, 0, 0, 0, 0, 0, 0, 0, 0, 0, 0, 1, 11, 165
"c:\Users\Admin\Documents\GitLab\voce\lib\screens\social_stories_screens\ui_components\social_story_block.dart", "Dart", 0, 238, 0, 0, 0, 0, 0, 0, 0, 0, 0, 0, 5, 10, 253
"c:\Users\Admin\Documents\GitLab\voce\lib\screens\social_stories_screens\ui_components\social_story_card.dart", "Dart", 0, 191, 0, 0, 0, 0, 0, 0, 0, 0, 0, 0, 0, 5, 196
"c:\Users\Admin\Documents\GitLab\voce\lib\screens\table_screens\mbs\mb_table_details.dart", "Dart", 0, 279, 0, 0, 0, 0, 0, 0, 0, 0, 0, 0, 5, 11, 295
"c:\Users\Admin\Documents\GitLab\voce\lib\screens\table_screens\mbs\pages\page_table_content.dart", "Dart", 0, 211, 0, 0, 0, 0, 0, 0, 0, 0, 0, 0, 3, 8, 222
"c:\Users\Admin\Documents\GitLab\voce\lib\screens\table_screens\mbs\pages\page_table_data.dart", "Dart", 0, 317, 0, 0, 0, 0, 0, 0, 0, 0, 0, 0, 0, 6, 323
"c:\Users\Admin\Documents\GitLab\voce\lib\screens\table_screens\mbs\pages\page_table_format.dart", "Dart", 0, 123, 0, 0, 0, 0, 0, 0, 0, 0, 0, 0, 34, 5, 162
"c:\Users\Admin\Documents\GitLab\voce\lib\screens\table_screens\open_voce_tables_screen.dart", "Dart", 0, 247, 0, 0, 0, 0, 0, 0, 0, 0, 0, 0, 10, 7, 264
"c:\Users\Admin\Documents\GitLab\voce\lib\screens\table_screens\table_details_screen.dart", "Dart", 0, 317, 0, 0, 0, 0, 0, 0, 0, 0, 0, 0, 2, 10, 329
"c:\Users\Admin\Documents\GitLab\voce\lib\screens\table_screens\tables_screen.dart", "Dart", 0, 245, 0, 0, 0, 0, 0, 0, 0, 0, 0, 0, 2, 10, 257
"c:\Users\Admin\Documents\GitLab\voce\lib\screens\table_screens\ui_components\button_create_table.dart", "Dart", 0, 74, 0, 0, 0, 0, 0, 0, 0, 0, 0, 0, 0, 3, 77
"c:\Users\Admin\Documents\GitLab\voce\lib\screens\table_screens\ui_components\no_existing_tables_notice.dart", "Dart", 0, 117, 0, 0, 0, 0, 0, 0, 0, 0, 0, 0, 0, 3, 120
"c:\Users\Admin\Documents\GitLab\voce\lib\screens\table_screens\ui_components\public_table_download_panel.dart", "Dart", 0, 79, 0, 0, 0, 0, 0, 0, 0, 0, 0, 0, 1, 3, 83
"c:\Users\Admin\Documents\GitLab\voce\lib\screens\table_screens\ui_components\table_card.dart", "Dart", 0, 149, 0, 0, 0, 0, 0, 0, 0, 0, 0, 0, 0, 6, 155
"c:\Users\Admin\Documents\GitLab\voce\lib\screens\table_screens\ui_components\table_creation_panel.dart", "Dart", 0, 52, 0, 0, 0, 0, 0, 0, 0, 0, 0, 0, 1, 3, 56
"c:\Users\Admin\Documents\GitLab\voce\lib\screens\table_screens\ui_components\table_division_panel.dart", "Dart", 0, 102, 0, 0, 0, 0, 0, 0, 0, 0, 0, 0, 0, 6, 108
"c:\Users\Admin\Documents\GitLab\voce\lib\screens\table_screens\ui_components\tables_grid_view.dart", "Dart", 0, 103, 0, 0, 0, 0, 0, 0, 0, 0, 0, 0, 10, 4, 117
"c:\Users\Admin\Documents\GitLab\voce\lib\screens\user_profile_screens\mbs\mb_update_profile_field.dart", "Dart", 0, 62, 0, 0, 0, 0, 0, 0, 0, 0, 0, 0, 0, 7, 69
"c:\Users\Admin\Documents\GitLab\voce\lib\screens\user_profile_screens\ui_components\centre_data_panel.dart", "Dart", 0, 92, 0, 0, 0, 0, 0, 0, 0, 0, 0, 0, 1, 3, 96
"c:\Users\Admin\Documents\GitLab\voce\lib\screens\user_profile_screens\ui_components\operator_data_panel.dart", "Dart", 0, 92, 0, 0, 0, 0, 0, 0, 0, 0, 0, 0, 0, 3, 95
"c:\Users\Admin\Documents\GitLab\voce\lib\screens\user_profile_screens\ui_components\profile_info_list_tile.dart", "Dart", 0, 79, 0, 0, 0, 0, 0, 0, 0, 0, 0, 0, 0, 4, 83
"c:\Users\Admin\Documents\GitLab\voce\lib\screens\user_profile_screens\user_profile_screen.dart", "Dart", 0, 90, 0, 0, 0, 0, 0, 0, 0, 0, 0, 0, 3, 5, 98
"c:\Users\Admin\Documents\GitLab\voce\lib\services\auth_repository.dart", "Dart", 0, 36, 0, 0, 0, 0, 0, 0, 0, 0, 0, 0, 3, 9, 48
"c:\Users\Admin\Documents\GitLab\voce\lib\services\dashboard_api.dart", "Dart", 0, 78, 0, 0, 0, 0, 0, 0, 0, 0, 0, 0, 0, 15, 93
"c:\Users\Admin\Documents\GitLab\voce\lib\services\speech_to_text_API.dart", "Dart", 0, 35, 0, 0, 0, 0, 0, 0, 0, 0, 0, 0, 0, 8, 43
"c:\Users\Admin\Documents\GitLab\voce\lib\services\text_to_speech_api.dart", "Dart", 0, 65, 0, 0, 0, 0, 0, 0, 0, 0, 0, 0, 36, 26, 127
"c:\Users\Admin\Documents\GitLab\voce\lib\services\voce_api_repository.dart", "Dart", 0, 372, 0, 0, 0, 0, 0, 0, 0, 0, 0, 0, 25, 57, 454
"c:\Users\Admin\Documents\GitLab\voce\lib\widgets\audio_placeholder.dart", "Dart", 0, 21, 0, 0, 0, 0, 0, 0, 0, 0, 0, 0, 0, 3, 24
"c:\Users\Admin\Documents\GitLab\voce\lib\widgets\charts\chart_utils.dart", "Dart", 0, 152, 0, 0, 0, 0, 0, 0, 0, 0, 0, 0, 1, 13, 166
"c:\Users\Admin\Documents\GitLab\voce\lib\widgets\charts\patient_grammatical_types_count.dart", "Dart", 0, 117, 0, 0, 0, 0, 0, 0, 0, 0, 0, 0, 0, 7, 124
"c:\Users\Admin\Documents\GitLab\voce\lib\widgets\charts\patient_image_count.dart", "Dart", 0, 208, 0, 0, 0, 0, 0, 0, 0, 0, 0, 0, 5, 13, 226
"c:\Users\Admin\Documents\GitLab\voce\lib\widgets\charts\patient_new_pictograms.dart", "Dart", 0, 294, 0, 0, 0, 0, 0, 0, 0, 0, 0, 0, 13, 19, 326
"c:\Users\Admin\Documents\GitLab\voce\lib\widgets\charts\patient_phrase_lenght.dart", "Dart", 0, 331, 0, 0, 0, 0, 0, 0, 0, 0, 0, 0, 13, 22, 366
"c:\Users\Admin\Documents\GitLab\voce\lib\widgets\close_line_top_modal.dart", "Dart", 0, 15, 0, 0, 0, 0, 0, 0, 0, 0, 0, 0, 0, 2, 17
"c:\Users\Admin\Documents\GitLab\voce\lib\widgets\date_input_widget.dart", "Dart", 0, 56, 0, 0, 0, 0, 0, 0, 0, 0, 0, 0, 5, 8, 69
"c:\Users\Admin\Documents\GitLab\voce\lib\widgets\image_placeholder.dart", "Dart", 0, 21, 0, 0, 0, 0, 0, 0, 0, 0, 0, 0, 0, 3, 24
"c:\Users\Admin\Documents\GitLab\voce\lib\widgets\mbs\mb_confirm.dart", "Dart", 0, 121, 0, 0, 0, 0, 0, 0, 0, 0, 0, 0, 0, 9, 130
"c:\Users\Admin\Documents\GitLab\voce\lib\widgets\mbs\mb_yes_or_no.dart", "Dart", 0, 62, 0, 0, 0, 0, 0, 0, 0, 0, 0, 0, 0, 3, 65
"c:\Users\Admin\Documents\GitLab\voce\lib\widgets\mbs\vocecaa_mbs_input_date.dart", "Dart", 0, 109, 0, 0, 0, 0, 0, 0, 0, 0, 0, 0, 0, 7, 116
"c:\Users\Admin\Documents\GitLab\voce\lib\widgets\mbs\vocecaa_mbs_input_text.dart", "Dart", 0, 86, 0, 0, 0, 0, 0, 0, 0, 0, 0, 0, 1, 6, 93
"c:\Users\Admin\Documents\GitLab\voce\lib\widgets\mbs\vocecaa_mbs_search_image.dart", "Dart", 0, 137, 0, 0, 0, 0, 0, 0, 0, 0, 0, 0, 4, 3, 144
"c:\Users\Admin\Documents\GitLab\voce\lib\widgets\mixins\image_cover_mixin.dart", "Dart", 0, 9, 0, 0, 0, 0, 0, 0, 0, 0, 0, 0, 0, 3, 12
"c:\Users\Admin\Documents\GitLab\voce\lib\widgets\panels\download_centre_stories_panel.dart", "Dart", 0, 69, 0, 0, 0, 0, 0, 0, 0, 0, 0, 0, 0, 3, 72
"c:\Users\Admin\Documents\GitLab\voce\lib\widgets\panels\download_centre_tables_panel.dart", "Dart", 0, 78, 0, 0, 0, 0, 0, 0, 0, 0, 0, 0, 0, 3, 81
"c:\Users\Admin\Documents\GitLab\voce\lib\widgets\panels\download_public_tables_panel.dart", "Dart", 0, 79, 0, 0, 0, 0, 0, 0, 0, 0, 0, 0, 1, 3, 83
"c:\Users\Admin\Documents\GitLab\voce\lib\widgets\panels\table_filter_panel.dart", "Dart", 0, 94, 0, 0, 0, 0, 0, 0, 0, 0, 0, 0, 1, 4, 99
"c:\Users\Admin\Documents\GitLab\voce\lib\widgets\panels\vocecaa_button_panel.dart", "Dart", 0, 71, 0, 0, 0, 0, 0, 0, 0, 0, 0, 0, 0, 4, 75
"c:\Users\Admin\Documents\GitLab\voce\lib\widgets\panels\vocecaa_privacy_filter_panel.dart", "Dart", 0, 173, 0, 0, 0, 0, 0, 0, 0, 0, 0, 0, 0, 7, 180
"c:\Users\Admin\Documents\GitLab\voce\lib\widgets\patient_card_component.dart", "Dart", 0, 65, 0, 0, 0, 0, 0, 0, 0, 0, 0, 0, 0, 4, 69
"c:\Users\Admin\Documents\GitLab\voce\lib\widgets\radio_button_widget.dart", "Dart", 0, 45, 0, 0, 0, 0, 0, 0, 0, 0, 0, 0, 4, 6, 55
"c:\Users\Admin\Documents\GitLab\voce\lib\widgets\shake_widget.dart", "Dart", 0, 62, 0, 0, 0, 0, 0, 0, 0, 0, 0, 0, 11, 12, 85
"c:\Users\Admin\Documents\GitLab\voce\lib\widgets\table_placeholder_1.dart", "Dart", 0, 42, 0, 0, 0, 0, 0, 0, 0, 0, 0, 0, 0, 7, 49
"c:\Users\Admin\Documents\GitLab\voce\lib\widgets\table_placeholder_2.dart", "Dart", 0, 75, 0, 0, 0, 0, 0, 0, 0, 0, 0, 0, 0, 7, 82
"c:\Users\Admin\Documents\GitLab\voce\lib\widgets\table_placeholder_2_horizontal.dart", "Dart", 0, 75, 0, 0, 0, 0, 0, 0, 0, 0, 0, 0, 0, 7, 82
"c:\Users\Admin\Documents\GitLab\voce\lib\widgets\table_placeholder_3.dart", "Dart", 0, 109, 0, 0, 0, 0, 0, 0, 0, 0, 0, 0, 0, 7, 116
"c:\Users\Admin\Documents\GitLab\voce\lib\widgets\table_placeholder_3_reverse.dart", "Dart", 0, 109, 0, 0, 0, 0, 0, 0, 0, 0, 0, 0, 0, 7, 116
"c:\Users\Admin\Documents\GitLab\voce\lib\widgets\table_placeholder_4.dart", "Dart", 0, 119, 0, 0, 0, 0, 0, 0, 0, 0, 0, 0, 0, 7, 126
"c:\Users\Admin\Documents\GitLab\voce\lib\widgets\tables\communication_tables\commt_1.dart", "Dart", 0, 53, 0, 0, 0, 0, 0, 0, 0, 0, 0, 0, 2, 7, 62
"c:\Users\Admin\Documents\GitLab\voce\lib\widgets\tables\communication_tables\commt_2_horizontal.dart", "Dart", 0, 91, 0, 0, 0, 0, 0, 0, 0, 0, 0, 0, 0, 9, 100
"c:\Users\Admin\Documents\GitLab\voce\lib\widgets\tables\communication_tables\commt_2_vertical.dart", "Dart", 0, 90, 0, 0, 0, 0, 0, 0, 0, 0, 0, 0, 5, 10, 105
"c:\Users\Admin\Documents\GitLab\voce\lib\widgets\tables\communication_tables\commt_3_left.dart", "Dart", 0, 119, 0, 0, 0, 0, 0, 0, 0, 0, 0, 0, 0, 10, 129
"c:\Users\Admin\Documents\GitLab\voce\lib\widgets\tables\communication_tables\commt_3_right.dart", "Dart", 0, 114, 0, 0, 0, 0, 0, 0, 0, 0, 0, 0, 4, 10, 128
"c:\Users\Admin\Documents\GitLab\voce\lib\widgets\tables\communication_tables\commt_4.dart", "Dart", 0, 142, 0, 0, 0, 0, 0, 0, 0, 0, 0, 0, 3, 8, 153
"c:\Users\Admin\Documents\GitLab\voce\lib\widgets\tables\content_tables\cont_1.dart", "Dart", 0, 59, 0, 0, 0, 0, 0, 0, 0, 0, 0, 0, 2, 4, 65
"c:\Users\Admin\Documents\GitLab\voce\lib\widgets\tables\content_tables\cont_2_horizontal.dart", "Dart", 0, 88, 0, 0, 0, 0, 0, 0, 0, 0, 0, 0, 2, 5, 95
"c:\Users\Admin\Documents\GitLab\voce\lib\widgets\tables\content_tables\cont_2_vertical.dart", "Dart", 0, 102, 0, 0, 0, 0, 0, 0, 0, 0, 0, 0, 5, 5, 112
"c:\Users\Admin\Documents\GitLab\voce\lib\widgets\tables\content_tables\cont_3_left.dart", "Dart", 0, 125, 0, 0, 0, 0, 0, 0, 0, 0, 0, 0, 2, 5, 132
"c:\Users\Admin\Documents\GitLab\voce\lib\widgets\tables\content_tables\cont_3_right.dart", "Dart", 0, 119, 0, 0, 0, 0, 0, 0, 0, 0, 0, 0, 1, 5, 125
"c:\Users\Admin\Documents\GitLab\voce\lib\widgets\tables\content_tables\cont_4.dart", "Dart", 0, 128, 0, 0, 0, 0, 0, 0, 0, 0, 0, 0, 1, 5, 134
"c:\Users\Admin\Documents\GitLab\voce\lib\widgets\tables\format_tables\formt_1.dart", "Dart", 0, 37, 0, 0, 0, 0, 0, 0, 0, 0, 0, 0, 0, 4, 41
"c:\Users\Admin\Documents\GitLab\voce\lib\widgets\tables\format_tables\formt_2_horizontal.dart", "Dart", 0, 71, 0, 0, 0, 0, 0, 0, 0, 0, 0, 0, 3, 4, 78
"c:\Users\Admin\Documents\GitLab\voce\lib\widgets\tables\format_tables\formt_2_vertical.dart", "Dart", 0, 74, 0, 0, 0, 0, 0, 0, 0, 0, 0, 0, 3, 5, 82
"c:\Users\Admin\Documents\GitLab\voce\lib\widgets\tables\format_tables\formt_3_left.dart", "Dart", 0, 100, 0, 0, 0, 0, 0, 0, 0, 0, 0, 0, 2, 5, 107
"c:\Users\Admin\Documents\GitLab\voce\lib\widgets\tables\format_tables\formt_3_right.dart", "Dart", 0, 94, 0, 0, 0, 0, 0, 0, 0, 0, 0, 0, 1, 5, 100
"c:\Users\Admin\Documents\GitLab\voce\lib\widgets\tables\format_tables\formt_4.dart", "Dart", 0, 107, 0, 0, 0, 0, 0, 0, 0, 0, 0, 0, 9, 6, 122
"c:\Users\Admin\Documents\GitLab\voce\lib\widgets\tables\table_builders\tb_1.dart", "Dart", 0, 27, 0, 0, 0, 0, 0, 0, 0, 0, 0, 0, 0, 2, 29
"c:\Users\Admin\Documents\GitLab\voce\lib\widgets\tables\table_builders\tb_2_horizontal.dart", "Dart", 0, 24, 0, 0, 0, 0, 0, 0, 0, 0, 0, 0, 0, 2, 26
"c:\Users\Admin\Documents\GitLab\voce\lib\widgets\tables\table_builders\tb_2_vertical.dart", "Dart", 0, 25, 0, 0, 0, 0, 0, 0, 0, 0, 0, 0, 0, 2, 27
"c:\Users\Admin\Documents\GitLab\voce\lib\widgets\tables\table_builders\tb_3_left.dart", "Dart", 0, 24, 0, 0, 0, 0, 0, 0, 0, 0, 0, 0, 0, 2, 26
"c:\Users\Admin\Documents\GitLab\voce\lib\widgets\tables\table_builders\tb_3_right.dart", "Dart", 0, 24, 0, 0, 0, 0, 0, 0, 0, 0, 0, 0, 0, 2, 26
"c:\Users\Admin\Documents\GitLab\voce\lib\widgets\tables\table_builders\tb_4.dart", "Dart", 0, 24, 0, 0, 0, 0, 0, 0, 0, 0, 0, 0, 0, 2, 26
"c:\Users\Admin\Documents\GitLab\voce\lib\widgets\tables\vocecaa_table.dart", "Dart", 0, 33, 0, 0, 0, 0, 0, 0, 0, 0, 0, 0, 0, 2, 35
"c:\Users\Admin\Documents\GitLab\voce\lib\widgets\text_button_widget.dart", "Dart", 0, 35, 0, 0, 0, 0, 0, 0, 0, 0, 0, 0, 4, 4, 43
"c:\Users\Admin\Documents\GitLab\voce\lib\widgets\voce_speech_to_text_button.dart", "Dart", 0, 85, 0, 0, 0, 0, 0, 0, 0, 0, 0, 0, 1, 9, 95
"c:\Users\Admin\Documents\GitLab\voce\lib\widgets\vocecaa_audio_card.dart", "Dart", 0, 103, 0, 0, 0, 0, 0, 0, 0, 0, 0, 0, 0, 3, 106
"c:\Users\Admin\Documents\GitLab\voce\lib\widgets\vocecaa_audio_card_small.dart", "Dart", 0, 70, 0, 0, 0, 0, 0, 0, 0, 0, 0, 0, 0, 3, 73
"c:\Users\Admin\Documents\GitLab\voce\lib\widgets\vocecaa_button.dart", "Dart", 0, 35, 0, 0, 0, 0, 0, 0, 0, 0, 0, 0, 0, 4, 39
"c:\Users\Admin\Documents\GitLab\voce\lib\widgets\vocecaa_color_picker.dart", "Dart", 0, 48, 0, 0, 0, 0, 0, 0, 0, 0, 0, 0, 6, 8, 62
"c:\Users\Admin\Documents\GitLab\voce\lib\widgets\vocecaa_drawer.dart", "Dart", 0, 305, 0, 0, 0, 0, 0, 0, 0, 0, 0, 0, 6, 11, 322
"c:\Users\Admin\Documents\GitLab\voce\lib\widgets\vocecaa_icon_button.dart", "Dart", 0, 31, 0, 0, 0, 0, 0, 0, 0, 0, 0, 0, 0, 4, 35
"c:\Users\Admin\Documents\GitLab\voce\lib\widgets\vocecaa_image_card.dart", "Dart", 0, 123, 0, 0, 0, 0, 0, 0, 0, 0, 0, 0, 45, 6, 174
"c:\Users\Admin\Documents\GitLab\voce\lib\widgets\vocecaa_labeled_switch.dart", "Dart", 0, 55, 0, 0, 0, 0, 0, 0, 0, 0, 0, 0, 0, 7, 62
"c:\Users\Admin\Documents\GitLab\voce\lib\widgets\vocecaa_layout.dart", "Dart", 0, 130, 0, 0, 0, 0, 0, 0, 0, 0, 0, 0, 0, 7, 137
"c:\Users\Admin\Documents\GitLab\voce\lib\widgets\vocecaa_open_voce_layout.dart", "Dart", 0, 90, 0, 0, 0, 0, 0, 0, 0, 0, 0, 0, 0, 6, 96
"c:\Users\Admin\Documents\GitLab\voce\lib\widgets\vocecaa_pictogram.dart", "Dart", 0, 161, 0, 0, 0, 0, 0, 0, 0, 0, 0, 0, 1, 8, 170
"c:\Users\Admin\Documents\GitLab\voce\lib\widgets\vocecaa_pictogram_selectable.dart", "Dart", 0, 122, 0, 0, 0, 0, 0, 0, 0, 0, 0, 0, 1, 7, 130
"c:\Users\Admin\Documents\GitLab\voce\lib\widgets\vocecaa_pictogram_simple.dart", "Dart", 0, 39, 0, 0, 0, 0, 0, 0, 0, 0, 0, 0, 0, 6, 45
"c:\Users\Admin\Documents\GitLab\voce\lib\widgets\vocecaa_radio_button.dart", "Dart", 0, 49, 0, 0, 0, 0, 0, 0, 0, 0, 0, 0, 0, 7, 56
"c:\Users\Admin\Documents\GitLab\voce\lib\widgets\vocecaa_radio_icon_button.dart", "Dart", 0, 44, 0, 0, 0, 0, 0, 0, 0, 0, 0, 0, 0, 9, 53
"c:\Users\Admin\Documents\GitLab\voce\lib\widgets\vocecaa_searchbar.dart", "Dart", 0, 92, 0, 0, 0, 0, 0, 0, 0, 0, 0, 0, 1, 6, 99
"c:\Users\Admin\Documents\GitLab\voce\lib\widgets\vocecaa_selectable_pill.dart", "Dart", 0, 38, 0, 0, 0, 0, 0, 0, 0, 0, 0, 0, 0, 4, 42
"c:\Users\Admin\Documents\GitLab\voce\lib\widgets\vocecaa_text_field.dart", "Dart", 0, 93, 0, 0, 0, 0, 0, 0, 0, 0, 0, 0, 1, 7, 101
"c:\Users\Admin\Documents\GitLab\voce\lib\widgets\vocecca_card.dart", "Dart", 0, 34, 0, 0, 0, 0, 0, 0, 0, 0, 0, 0, 0, 4, 38
"c:\Users\Admin\Documents\GitLab\voce\lib\widgets\vocecca_image_card_small.dart", "Dart", 0, 60, 0, 0, 0, 0, 0, 0, 0, 0, 0, 0, 0, 4, 64
"c:\Users\Admin\Documents\GitLab\voce\pubspec.yaml", "YAML", 54, 0, 0, 0, 0, 0, 0, 0, 0, 0, 0, 0, 45, 19, 118
"c:\Users\Admin\Documents\GitLab\voce\test\widget_test.dart", "Dart", 0, 14, 0, 0, 0, 0, 0, 0, 0, 0, 0, 0, 10, 7, 31
"c:\Users\Admin\Documents\GitLab\voce\web\index.html", "HTML", 0, 0, 0, 0, 0, 0, 0, 0, 79, 0, 0, 0, 14, 6, 99
"c:\Users\Admin\Documents\GitLab\voce\web\manifest.json", "JSON", 0, 0, 0, 0, 0, 0, 23, 0, 0, 0, 0, 0, 0, 1, 24
"c:\Users\Admin\Documents\GitLab\voce\windows\CMakeLists.txt", "ApexLog", 0, 0, 0, 75, 0, 0, 0, 0, 0, 0, 0, 0, 0, 21, 96
"c:\Users\Admin\Documents\GitLab\voce\windows\flutter\CMakeLists.txt", "ApexLog", 0, 0, 0, 93, 0, 0, 0, 0, 0, 0, 0, 0, 0, 11, 104
"c:\Users\Admin\Documents\GitLab\voce\windows\flutter\generated_plugin_registrant.cc", "C++", 0, 0, 0, 0, 9, 0, 0, 0, 0, 0, 0, 0, 4, 5, 18
"c:\Users\Admin\Documents\GitLab\voce\windows\flutter\generated_plugin_registrant.h", "C++", 0, 0, 0, 0, 5, 0, 0, 0, 0, 0, 0, 0, 5, 6, 16
"c:\Users\Admin\Documents\GitLab\voce\windows\runner\CMakeLists.txt", "ApexLog", 0, 0, 0, 17, 0, 0, 0, 0, 0, 0, 0, 0, 0, 2, 19
"c:\Users\Admin\Documents\GitLab\voce\windows\runner\flutter_window.cpp", "C++", 0, 0, 0, 0, 48, 0, 0, 0, 0, 0, 0, 0, 4, 13, 65
"c:\Users\Admin\Documents\GitLab\voce\windows\runner\flutter_window.h", "C++", 0, 0, 0, 0, 23, 0, 0, 0, 0, 0, 0, 0, 7, 10, 40
"c:\Users\Admin\Documents\GitLab\voce\windows\runner\main.cpp", "C++", 0, 0, 0, 0, 28, 0, 0, 0, 0, 0, 0, 0, 4, 11, 43
"c:\Users\Admin\Documents\GitLab\voce\windows\runner\resource.h", "C++", 0, 0, 0, 0, 9, 0, 0, 0, 0, 0, 0, 0, 6, 2, 17
"c:\Users\Admin\Documents\GitLab\voce\windows\runner\run_loop.cpp", "C++", 0, 0, 0, 0, 53, 0, 0, 0, 0, 0, 0, 0, 5, 9, 67
"c:\Users\Admin\Documents\GitLab\voce\windows\runner\run_loop.h", "C++", 0, 0, 0, 0, 22, 0, 0, 0, 0, 0, 0, 0, 7, 12, 41
"c:\Users\Admin\Documents\GitLab\voce\windows\runner\utils.cpp", "C++", 0, 0, 0, 0, 53, 0, 0, 0, 0, 0, 0, 0, 2, 10, 65
"c:\Users\Admin\Documents\GitLab\voce\windows\runner\utils.h", "C++", 0, 0, 0, 0, 8, 0, 0, 0, 0, 0, 0, 0, 6, 6, 20
"c:\Users\Admin\Documents\GitLab\voce\windows\runner\win32_window.cpp", "C++", 0, 0, 0, 0, 183, 0, 0, 0, 0, 0, 0, 0, 15, 48, 246
"c:\Users\Admin\Documents\GitLab\voce\windows\runner\win32_window.h", "C++", 0, 0, 0, 0, 48, 0, 0, 0, 0, 0, 0, 0, 29, 22, 99
"Total", "-", 54, 28363, 13, 185, 490, 138, 862, 12, 79, 79, 8, 4, 1222, 2740, 34249